{"stats":{"minecraft:picked_up":{"minecraft:tripwire_hook":2,"minecraft:wheat_seeds":1,"minecraft:potion":2,"minecraft:painting":1},"minecraft:custom":{"minecraft:open_barrel":2,"minecraft:time_since_rest":2815,"minecraft:crouch_one_cm":718,"minecraft:play_time":2815,"minecraft:sprint_one_cm":14023,"minecraft:damage_taken":200,"minecraft:walk_one_cm":9236,"minecraft:sneak_time":163,"minecraft:jump":60,"minecraft:damage_dealt":48,"minecraft:interact_with_blast_furnace":2,"minecraft:time_since_death":2815,"minecraft:total_world_time":2815,"minecraft:interact_with_cartography_table":1,"minecraft:fall_one_cm":3287,"minecraft:fly_one_cm":19785},"minecraft:used":{"minecraft:tripwire_hook":1,"minecraft:potion":1,"minecraft:glass_bottle":1},"minecraft:mined":{"minecraft:grass":8,"minecraft:ice":1,"minecraft:tall_grass":3,"minecraft:tripwire_hook":2}},"DataVersion":3465}