{"stats":{"minecraft:dropped":{"minecraft:iron_ingot":28,"minecraft:oak_sapling":1},"minecraft:killed_by":{"minecraft:player":1,"minecraft:spider":2,"minecraft:enderman":1},"minecraft:custom":{"minecraft:time_since_rest":10267,"minecraft:interact_with_furnace":1,"minecraft:sprint_one_cm":123224,"minecraft:damage_taken":2065,"minecraft:walk_one_cm":146129,"minecraft:mob_kills":1,"minecraft:drop":3,"minecraft:damage_dealt":135,"minecraft:swim_one_cm":985,"minecraft:interact_with_crafting_table":5,"minecraft:fly_one_cm":64459,"minecraft:open_chest":1,"minecraft:crouch_one_cm":1187,"minecraft:play_time":39792,"minecraft:deaths":7,"minecraft:sneak_time":266,"minecraft:walk_under_water_one_cm":6172,"minecraft:jump":756,"minecraft:leave_game":2,"minecraft:walk_on_water_one_cm":539,"minecraft:time_since_death":10224,"minecraft:total_world_time":39792,"minecraft:fall_one_cm":32621},"minecraft:used":{"minecraft:iron_helmet":1,"minecraft:iron_sword":3,"minecraft:lilac":7,"minecraft:iron_chestplate":1,"minecraft:dirt":5,"minecraft:oak_sapling":1,"minecraft:pumpkin":1},"minecraft:mined":{"minecraft:oak_sapling":1,"minecraft:lily_of_the_valley":3,"minecraft:lilac":12,"minecraft:birch_leaves":5,"minecraft:pumpkin":1,"minecraft:grass":3,"minecraft:grass_block":11,"minecraft:sand":52,"minecraft:oak_planks":1,"minecraft:oak_leaves":16},"minecraft:picked_up":{"minecraft:stick":2,"minecraft:iron_chestplate":1,"minecraft:lilac":7,"minecraft:pumpkin":1,"minecraft:sand":50,"minecraft:lily_of_the_valley":3,"minecraft:dirt":11,"minecraft:iron_helmet":1,"minecraft:iron_ingot":28,"minecraft:beef":3,"weaponmaster:tutorialbook":1,"minecraft:oak_sapling":4,"minecraft:iron_sword":1,"minecraft:birch_sapling":2,"minecraft:oak_planks":1}},"DataVersion":3465}