{"stats":{"minecraft:dropped":{"minecraft:oak_sapling":1},"minecraft:killed_by":{"minecraft:spider":2},"minecraft:custom":{"minecraft:open_chest":1,"minecraft:time_since_rest":4674,"minecraft:interact_with_furnace":1,"minecraft:crouch_one_cm":985,"minecraft:play_time":17290,"minecraft:sprint_one_cm":59408,"minecraft:walk_one_cm":87423,"minecraft:damage_taken":840,"minecraft:deaths":3,"minecraft:sneak_time":247,"minecraft:mob_kills":1,"minecraft:drop":1,"minecraft:jump":324,"minecraft:damage_dealt":80,"minecraft:time_since_death":4624,"minecraft:total_world_time":17290,"minecraft:interact_with_crafting_table":3,"minecraft:fall_one_cm":13634,"minecraft:fly_one_cm":25475},"minecraft:used":{"minecraft:dirt":5,"minecraft:oak_sapling":1},"minecraft:mined":{"minecraft:grass_block":10,"minecraft:oak_sapling":1,"minecraft:lily_of_the_valley":3,"minecraft:oak_leaves":8},"minecraft:picked_up":{"minecraft:stick":2,"weaponmaster:tutorialbook":1,"minecraft:lily_of_the_valley":3,"minecraft:oak_sapling":4,"minecraft:birch_sapling":1,"minecraft:dirt":10}},"DataVersion":3465}