{"stats":{"minecraft:custom":{"minecraft:jump":72,"minecraft:time_since_rest":5290,"minecraft:crouch_one_cm":944,"minecraft:sprint_one_cm":3432,"minecraft:play_time":5290,"minecraft:damage_taken":50,"minecraft:time_since_death":5290,"minecraft:walk_one_cm":25840,"minecraft:sneak_time":240,"minecraft:total_world_time":5290,"minecraft:fall_one_cm":1788,"minecraft:fly_one_cm":1182},"minecraft:used":{"minecraft:dirt":5,"minecraft:oak_sapling":1},"minecraft:mined":{"minecraft:grass_block":7,"minecraft:oak_sapling":1,"minecraft:oak_leaves":5},"minecraft:picked_up":{"minecraft:oak_sapling":2,"minecraft:dirt":7}},"DataVersion":3465}