{"stats":{"minecraft:dropped":{"minecraft:oak_sapling":1},"minecraft:killed_by":{"minecraft:player":1,"minecraft:spider":2,"minecraft:enderman":1},"minecraft:custom":{"minecraft:time_since_rest":651,"minecraft:interact_with_furnace":1,"minecraft:sprint_one_cm":122340,"minecraft:damage_taken":1925,"minecraft:walk_one_cm":135513,"minecraft:mob_kills":1,"minecraft:drop":1,"minecraft:damage_dealt":135,"minecraft:swim_one_cm":985,"minecraft:interact_with_crafting_table":3,"minecraft:fly_one_cm":62396,"minecraft:open_chest":1,"minecraft:crouch_one_cm":1080,"minecraft:play_time":30176,"minecraft:deaths":7,"minecraft:sneak_time":255,"minecraft:walk_under_water_one_cm":6172,"minecraft:jump":712,"minecraft:leave_game":1,"minecraft:time_since_death":608,"minecraft:walk_on_water_one_cm":539,"minecraft:total_world_time":30176,"minecraft:fall_one_cm":31994},"minecraft:used":{"minecraft:lilac":7,"minecraft:dirt":5,"minecraft:oak_sapling":1,"minecraft:pumpkin":1},"minecraft:mined":{"minecraft:oak_sapling":1,"minecraft:lily_of_the_valley":3,"minecraft:lilac":12,"minecraft:birch_leaves":5,"minecraft:pumpkin":1,"minecraft:grass":3,"minecraft:grass_block":11,"minecraft:oak_planks":1,"minecraft:oak_leaves":16},"minecraft:picked_up":{"minecraft:stick":2,"minecraft:lilac":7,"minecraft:pumpkin":1,"minecraft:lily_of_the_valley":3,"minecraft:dirt":11,"minecraft:beef":3,"weaponmaster:tutorialbook":1,"minecraft:oak_sapling":4,"minecraft:birch_sapling":2,"minecraft:oak_planks":1}},"DataVersion":3465}