{"stats":{"minecraft:crafted":{"minecraft:wooden_sword":1,"minecraft:oak_planks":32,"minecraft:crafting_table":1,"minecraft:stick":8,"minecraft:wooden_pickaxe":1,"minecraft:wooden_axe":1,"minecraft:birch_planks":24},"minecraft:killed":{"minecraft:pig":4,"minecraft:piglin_brute":12},"minecraft:custom":{"minecraft:time_since_rest":1569,"minecraft:sprint_one_cm":16634,"minecraft:damage_taken":360,"minecraft:walk_one_cm":18507,"minecraft:mob_kills":16,"minecraft:damage_dealt":1911,"minecraft:interact_with_crafting_table":4,"minecraft:fly_one_cm":18737,"minecraft:open_barrel":1,"minecraft:open_chest":7,"minecraft:crouch_one_cm":5026,"minecraft:play_time":12282,"minecraft:sneak_time":2273,"minecraft:jump":148,"minecraft:time_since_death":12282,"minecraft:sleep_in_bed":1,"minecraft:climb_one_cm":1044,"minecraft:total_world_time":12282,"minecraft:fall_one_cm":2999},"minecraft:used":{"minecraft:wooden_axe":27,"minecraft:brown_terracotta":15,"minecraft:apple":1,"minecraft:birch_planks":12,"minecraft:oak_planks":25,"minecraft:wooden_pickaxe":24,"minecraft:light_blue_bed":2,"minecraft:iron_sword":3,"minecraft:wooden_sword":43,"minecraft:crafting_table":3,"minecraft:porkchop":8,"minecraft:spruce_stairs":1},"minecraft:mined":{"minecraft:spruce_stairs":1,"minecraft:birch_planks":1,"minecraft:light_blue_bed":2,"minecraft:birch_log":6,"minecraft:birch_leaves":1,"minecraft:crafting_table":3,"minecraft:spruce_fence":2,"minecraft:oak_log":8,"minecraft:mushroom_stem":6,"minecraft:brown_terracotta":17,"minecraft:oak_leaves":4,"minecraft:spawner":1},"minecraft:picked_up":{"minecraft:birch_log":6,"minecraft:crafting_table":3,"minecraft:ladder":4,"minecraft:brown_terracotta":16,"minecraft:spruce_stairs":2,"minecraft:spruce_fence":2,"paraglider:spirit_orb":2,"minecraft:porkchop":8,"minecraft:oak_log":8,"minecraft:light_blue_bed":2}},"DataVersion":3465}