{"stats":{"minecraft:crafted":{"minecraft:wooden_sword":1,"minecraft:oak_planks":72,"minecraft:crafting_table":1,"minecraft:wooden_pickaxe":1,"minecraft:furnace":1,"minecraft:birch_planks":24,"minecraft:stone_axe":1,"minecraft:air":0,"minecraft:stick":36,"minecraft:iron_ingot":3,"minecraft:iron_pickaxe":1,"minecraft:stone_pickaxe":1,"minecraft:wooden_axe":1,"minecraft:chest":1,"minecraft:torch":68},"minecraft:killed":{"minecraft:husk":1,"minecraft:pig":7,"minecraft:spider":1,"minecraft:sheep":2,"minecraft:zombie":4,"minecraft:piglin_brute":12,"minecraft:cow":1},"minecraft:custom":{"minecraft:interact_with_furnace":2,"minecraft:mob_kills":28,"minecraft:interact_with_crafting_table":10,"minecraft:open_barrel":1,"minecraft:damage_dealt_resisted":669,"minecraft:time_since_death":24282,"minecraft:sleep_in_bed":1,"minecraft:climb_one_cm":1044,"minecraft:time_since_rest":13569,"minecraft:sprint_one_cm":38630,"minecraft:damage_taken":610,"minecraft:walk_one_cm":46499,"minecraft:damage_dealt":4124,"minecraft:fly_one_cm":51914,"minecraft:open_chest":11,"minecraft:crouch_one_cm":11191,"minecraft:play_time":24282,"minecraft:sneak_time":3696,"minecraft:walk_under_water_one_cm":55,"minecraft:jump":357,"minecraft:walk_on_water_one_cm":2885,"minecraft:total_world_time":24282,"minecraft:fall_one_cm":8373},"minecraft:used":{"minecraft:birch_planks":12,"minecraft:stone_pickaxe":36,"minecraft:oak_planks":25,"minecraft:chest":1,"minecraft:wooden_pickaxe":28,"minecraft:iron_sword":45,"minecraft:torch":17,"minecraft:crafting_table":5,"minecraft:spruce_stairs":1,"minecraft:brown_terracotta":15,"minecraft:wooden_axe":40,"minecraft:apple":5,"minecraft:bread":2,"minecraft:iron_pickaxe":64,"minecraft:light_blue_bed":2,"minecraft:wooden_sword":43,"minecraft:beef":3,"minecraft:furnace":1,"minecraft:porkchop":10},"minecraft:mined":{"iceandfire:silver_ore":2,"minecraft:crafting_table":4,"minecraft:spruce_fence":2,"minecraft:mushroom_stem":6,"minecraft:lapis_ore":2,"minecraft:spawner":2,"minecraft:spruce_stairs":1,"minecraft:birch_planks":1,"minecraft:light_blue_bed":2,"minecraft:birch_log":6,"minecraft:iron_ore":28,"minecraft:andesite":1,"minecraft:birch_leaves":1,"minecraft:oak_log":18,"minecraft:coal_ore":39,"minecraft:brown_terracotta":17,"minecraft:stone":28,"minecraft:gold_ore":3,"minecraft:oak_leaves":6},"minecraft:picked_up":{"minecraft:birch_log":6,"minecraft:wheat":1,"minecraft:crafting_table":4,"minecraft:ladder":4,"minecraft:andesite":1,"minecraft:leather":2,"minecraft:birch_planks":1,"paraglider:spirit_orb":4,"minecraft:oak_log":18,"minecraft:gunpowder":1,"minecraft:lapis_lazuli":13,"skilltree:gem":9,"minecraft:string":2,"minecraft:raw_gold":3,"minecraft:beef":3,"minecraft:raw_iron":28,"minecraft:brown_terracotta":16,"minecraft:spruce_stairs":2,"minecraft:spruce_fence":2,"minecraft:porkchop":13,"minecraft:light_blue_bed":2,"minecraft:spider_eye":1,"minecraft:pumpkin_seeds":2,"minecraft:rotten_flesh":3,"minecraft:mutton":4,"minecraft:coal":38,"minecraft:white_wool":2,"iceandfire:raw_silver":2,"minecraft:cobblestone":28}},"DataVersion":3465}