{"stats":{"minecraft:dropped":{"minecraft:birch_sapling":2,"minecraft:wheat":1,"minecraft:rotten_flesh":3,"minecraft:pumpkin_seeds":2,"minecraft:gunpowder":1,"minecraft:wooden_axe":1,"skilltree:gem":1,"minecraft:oak_sapling":1,"minecraft:stone_pickaxe":1,"minecraft:raw_gold":7},"minecraft:crafted":{"minecraft:cooked_beef":8,"minecraft:wooden_sword":1,"minecraft:oak_planks":184,"minecraft:cooked_porkchop":1,"minecraft:crafting_table":2,"minecraft:iron_helmet":1,"minecraft:wooden_pickaxe":1,"minecraft:furnace":3,"minecraft:birch_planks":44,"minecraft:stone_axe":1,"minecraft:heavy_weighted_pressure_plate":1,"minecraft:bread":2,"minecraft:air":0,"jet_and_elias_armors:mercenary_gear_helmet":1,"minecraft:iron_boots":1,"minecraft:iron_chestplate":1,"minecraft:stick":52,"minecraft:iron_ingot":52,"minecraft:iron_pickaxe":1,"minecraft:stone_pickaxe":1,"minecraft:wooden_axe":1,"minecraft:chest":1,"minecraft:iron_leggings":1,"minecraft:torch":132},"minecraft:killed":{"minecraft:husk":1,"minecraft:pig":20,"minecraft:spider":3,"minecraft:skeleton":3,"minecraft:sheep":2,"minecraft:zombie":5,"minecraft:piglin_brute":12,"minecraft:cow":10},"minecraft:custom":{"minecraft:interact_with_furnace":57,"minecraft:mob_kills":56,"minecraft:interact_with_crafting_table":30,"minecraft:open_barrel":4,"minecraft:damage_dealt_resisted":669,"minecraft:time_since_death":60282,"minecraft:sleep_in_bed":4,"minecraft:climb_one_cm":1060,"minecraft:time_since_rest":9307,"minecraft:sprint_one_cm":162156,"minecraft:damage_taken":1049,"minecraft:walk_one_cm":116826,"minecraft:drop":11,"minecraft:damage_dealt":7421,"minecraft:swim_one_cm":523,"minecraft:fly_one_cm":180137,"minecraft:open_chest":14,"minecraft:crouch_one_cm":17760,"minecraft:play_time":60282,"minecraft:sneak_time":5542,"minecraft:walk_under_water_one_cm":467,"minecraft:jump":1265,"minecraft:walk_on_water_one_cm":4382,"minecraft:total_world_time":60282,"minecraft:fall_one_cm":26491},"minecraft:used":{"minecraft:birch_planks":12,"jet_and_elias_armors:mercenary_gear_helmet":1,"minecraft:stone_pickaxe":36,"minecraft:oak_planks":59,"minecraft:chest":1,"minecraft:wooden_pickaxe":28,"minecraft:iron_sword":113,"minecraft:iron_chestplate":1,"minecraft:torch":89,"minecraft:golden_apple":1,"minecraft:dirt":1,"minecraft:mutton":4,"minecraft:crafting_table":6,"minecraft:spruce_stairs":1,"minecraft:spruce_fence":1,"minecraft:brown_terracotta":15,"minecraft:wooden_axe":40,"minecraft:apple":5,"minecraft:bread":4,"minecraft:iron_pickaxe":164,"minecraft:iron_helmet":1,"minecraft:light_blue_bed":2,"minecraft:iron_boots":1,"minecraft:stone_axe":47,"minecraft:wooden_sword":43,"minecraft:cobblestone":6,"minecraft:beef":3,"minecraft:cooked_porkchop":1,"minecraft:furnace":3,"minecraft:porkchop":13,"minecraft:andesite":2,"minecraft:cooked_beef":3,"minecraft:cobbled_deepslate":9,"minecraft:iron_leggings":1},"minecraft:mined":{"minecraft:diamond_ore":2,"iceandfire:silver_ore":7,"minecraft:crafting_table":4,"minecraft:torch":1,"minecraft:grass_block":1,"minecraft:spruce_fence":3,"minecraft:redstone_wire":1,"iceandfire:deepslate_silver_ore":1,"minecraft:mushroom_stem":6,"minecraft:deepslate_gold_ore":4,"minecraft:lapis_ore":4,"minecraft:spawner":2,"minecraft:spruce_stairs":1,"minecraft:birch_planks":1,"minecraft:light_blue_bed":2,"minecraft:birch_log":11,"minecraft:iron_ore":35,"minecraft:lilac":1,"minecraft:andesite":4,"minecraft:birch_leaves":3,"minecraft:deepslate_lapis_ore":5,"minecraft:grass":5,"minecraft:oak_log":46,"minecraft:coal_ore":54,"minecraft:deepslate_iron_ore":33,"minecraft:brown_terracotta":17,"minecraft:stone":41,"minecraft:spruce_slab":1,"minecraft:gold_ore":3,"minecraft:deepslate":9,"minecraft:oak_leaves":20},"minecraft:picked_up":{"minecraft:birch_log":11,"minecraft:wheat":1,"minecraft:crafting_table":4,"minecraft:ladder":4,"minecraft:andesite":4,"minecraft:leather":9,"minecraft:birch_planks":1,"paraglider:spirit_orb":4,"minecraft:oak_log":46,"minecraft:gunpowder":1,"minecraft:lapis_lazuli":56,"skilltree:gem":14,"minecraft:dirt":2,"minecraft:string":3,"minecraft:bone":4,"minecraft:cobbled_deepslate":9,"minecraft:raw_gold":7,"minecraft:beef":19,"minecraft:spruce_slab":2,"minecraft:birch_sapling":2,"minecraft:raw_iron":67,"minecraft:brown_terracotta":16,"minecraft:torch":1,"minecraft:spruce_stairs":2,"minecraft:spruce_fence":3,"minecraft:porkchop":34,"minecraft:light_blue_bed":2,"minecraft:spider_eye":1,"minecraft:arrow":4,"minecraft:pumpkin_seeds":2,"minecraft:rotten_flesh":3,"minecraft:diamond":2,"minecraft:oak_sapling":2,"minecraft:mutton":4,"minecraft:coal":53,"minecraft:white_wool":2,"iceandfire:raw_silver":8,"minecraft:cobblestone":43}},"DataVersion":3465}