{"stats":{"minecraft:dropped":{"minecraft:wheat_seeds":1,"minecraft:stick":1,"minecraft:mutton":1,"minecraft:wooden_axe":1,"skilltree:gem":1,"minecraft:dandelion":1,"minecraft:wheat":1,"minecraft:birch_sapling":3,"minecraft:rotten_flesh":7,"minecraft:spruce_fence":3,"minecraft:pumpkin_seeds":2,"minecraft:gunpowder":1,"minecraft:oak_sapling":1,"minecraft:stone_pickaxe":1,"minecraft:raw_gold":7},"minecraft:crafted":{"minecraft:wooden_sword":1,"minecraft:oak_planks":184,"minecraft:furnace":3,"minecraft:heavy_weighted_pressure_plate":1,"jet_and_elias_armors:mercenary_gear_helmet":1,"minecraft:iron_boots":1,"minecraft:stone_pickaxe":1,"minecraft:chest":1,"minecraft:cooked_beef":8,"minecraft:cooked_porkchop":21,"minecraft:crafting_table":2,"minecraft:wooden_pickaxe":1,"minecraft:iron_helmet":1,"minecraft:birch_planks":44,"minecraft:stone_axe":1,"minecraft:bread":2,"minecraft:air":0,"minecraft:iron_chestplate":1,"minecraft:stick":52,"minecraft:iron_ingot":65,"minecraft:iron_pickaxe":1,"minecraft:wooden_axe":1,"minecraft:iron_leggings":1,"minecraft:torch":132},"minecraft:killed_by":{"iceandfire:gorgon":2},"minecraft:killed":{"minecraft:spider":3,"minecraft:skeleton":3,"minecraft:piglin_brute":12,"minecraft:husk":1,"minecraft:pig":20,"minecraft:sheep":2,"minecraft:zombie":5,"minecraft:cow":11},"minecraft:custom":{"minecraft:mob_kills":57,"minecraft:interact_with_crafting_table":30,"minecraft:open_barrel":4,"minecraft:damage_dealt_resisted":669,"minecraft:time_since_death":4407,"minecraft:climb_one_cm":1359,"minecraft:sprint_one_cm":213659,"minecraft:walk_one_cm":136105,"minecraft:drop":23,"minecraft:play_time":72282,"minecraft:deaths":2,"minecraft:sneak_time":6332,"minecraft:walk_under_water_one_cm":467,"minecraft:jump":1719,"minecraft:walk_on_water_one_cm":4382,"minecraft:total_world_time":72282,"minecraft:interact_with_furnace":69,"minecraft:sleep_in_bed":4,"minecraft:time_since_rest":4443,"minecraft:damage_taken":2147483647,"minecraft:damage_dealt":7591,"minecraft:swim_one_cm":523,"minecraft:fly_one_cm":293906,"minecraft:open_chest":15,"minecraft:crouch_one_cm":20959,"minecraft:fall_one_cm":43919},"minecraft:used":{"minecraft:chest":1,"minecraft:iron_sword":118,"minecraft:iron_chestplate":1,"minecraft:torch":89,"minecraft:dirt":1,"minecraft:mutton":4,"minecraft:spruce_stairs":1,"minecraft:spruce_fence":1,"minecraft:wooden_axe":40,"minecraft:brown_terracotta":15,"minecraft:iron_helmet":1,"minecraft:light_blue_bed":3,"minecraft:iron_boots":1,"minecraft:beef":3,"minecraft:furnace":3,"minecraft:cooked_beef":7,"minecraft:cobbled_deepslate":9,"minecraft:iron_leggings":1,"minecraft:birch_planks":12,"jet_and_elias_armors:mercenary_gear_helmet":1,"minecraft:stone_pickaxe":36,"minecraft:oak_planks":97,"minecraft:wooden_pickaxe":28,"minecraft:golden_apple":1,"minecraft:crafting_table":6,"minecraft:apple":5,"minecraft:bread":4,"minecraft:iron_pickaxe":165,"minecraft:stone_axe":47,"minecraft:wooden_sword":43,"minecraft:cobblestone":10,"minecraft:porkchop":13,"minecraft:cooked_porkchop":1,"minecraft:andesite":2},"minecraft:mined":{"minecraft:diamond_ore":2,"iceandfire:silver_ore":7,"minecraft:grass_block":1,"minecraft:spruce_fence":3,"minecraft:redstone_wire":1,"iceandfire:deepslate_silver_ore":1,"minecraft:spawner":2,"minecraft:furnace":1,"minecraft:iron_ore":35,"minecraft:andesite":4,"minecraft:deepslate_lapis_ore":5,"minecraft:vine":1,"minecraft:deepslate_iron_ore":33,"minecraft:stone":41,"minecraft:spruce_slab":1,"minecraft:dandelion":1,"minecraft:crafting_table":4,"minecraft:torch":1,"minecraft:mushroom_stem":6,"minecraft:tall_grass":3,"minecraft:lapis_ore":4,"minecraft:deepslate_gold_ore":4,"minecraft:oak_planks":3,"minecraft:spruce_stairs":1,"minecraft:birch_planks":1,"minecraft:light_blue_bed":3,"minecraft:birch_log":11,"minecraft:lilac":1,"minecraft:birch_leaves":4,"minecraft:grass":33,"minecraft:coal_ore":54,"minecraft:oak_log":51,"minecraft:brown_terracotta":17,"minecraft:gold_ore":3,"minecraft:oak_leaves":23,"minecraft:deepslate":9},"minecraft:broken":{"minecraft:iron_boots":1,"minecraft:iron_chestplate":1,"minecraft:iron_leggings":1,"jet_and_elias_armors:mercenary_gear_helmet":1},"minecraft:picked_up":{"minecraft:crafting_table":4,"minecraft:wheat":1,"minecraft:ladder":4,"minecraft:diamond_horse_armor":1,"minecraft:string":3,"minecraft:cobbled_deepslate":9,"minecraft:beef":33,"minecraft:iron_pickaxe":1,"minecraft:spruce_slab":4,"minecraft:birch_sapling":4,"minecraft:furnace":2,"minecraft:raw_iron":69,"minecraft:stick":1,"minecraft:brown_terracotta":16,"minecraft:torch":45,"minecraft:spruce_stairs":2,"minecraft:spruce_fence":8,"minecraft:porkchop":34,"minecraft:light_blue_bed":4,"minecraft:arrow":8,"minecraft:rotten_flesh":7,"minecraft:gold_ingot":4,"minecraft:mutton":5,"minecraft:white_wool":2,"minecraft:cobblestone":46,"minecraft:birch_log":11,"minecraft:cooked_beef":2,"minecraft:andesite":4,"minecraft:leather":20,"minecraft:birch_planks":1,"minecraft:filled_map":1,"paraglider:spirit_orb":8,"minecraft:oak_log":51,"minecraft:gunpowder":1,"skilltree:gem":26,"minecraft:lapis_lazuli":112,"minecraft:dirt":2,"minecraft:bone":8,"minecraft:wheat_seeds":1,"minecraft:raw_gold":7,"minecraft:iron_ingot":33,"minecraft:oak_planks":6,"minecraft:iron_sword":2,"minecraft:cooked_porkchop":20,"minecraft:dandelion":1,"minecraft:spider_eye":1,"minecraft:pumpkin_seeds":2,"minecraft:diamond":4,"minecraft:stone_axe":1,"minecraft:iron_helmet":1,"minecraft:oak_sapling":2,"minecraft:coal":73,"iceandfire:raw_silver":16}},"DataVersion":3465}