{"stats":{"minecraft:dropped":{"minecraft:oak_sapling":1},"minecraft:crafted":{"minecraft:wooden_sword":1,"minecraft:oak_planks":72,"minecraft:crafting_table":1,"minecraft:wooden_pickaxe":1,"minecraft:furnace":1,"minecraft:birch_planks":24,"minecraft:stone_axe":1,"minecraft:air":0,"minecraft:stick":36,"minecraft:iron_ingot":3,"minecraft:iron_pickaxe":1,"minecraft:stone_pickaxe":1,"minecraft:wooden_axe":1,"minecraft:chest":1,"minecraft:torch":68},"minecraft:killed":{"minecraft:husk":1,"minecraft:pig":7,"minecraft:spider":1,"minecraft:skeleton":2,"minecraft:sheep":2,"minecraft:zombie":4,"minecraft:piglin_brute":12,"minecraft:cow":1},"minecraft:custom":{"minecraft:interact_with_furnace":3,"minecraft:mob_kills":30,"minecraft:interact_with_crafting_table":10,"minecraft:open_barrel":1,"minecraft:damage_dealt_resisted":669,"minecraft:time_since_death":36282,"minecraft:sleep_in_bed":1,"minecraft:climb_one_cm":1044,"minecraft:time_since_rest":25569,"minecraft:sprint_one_cm":90441,"minecraft:damage_taken":735,"minecraft:walk_one_cm":76030,"minecraft:drop":1,"minecraft:damage_dealt":4570,"minecraft:swim_one_cm":523,"minecraft:fly_one_cm":108211,"minecraft:open_chest":14,"minecraft:crouch_one_cm":15737,"minecraft:play_time":36282,"minecraft:sneak_time":4881,"minecraft:walk_under_water_one_cm":187,"minecraft:jump":750,"minecraft:walk_on_water_one_cm":4266,"minecraft:total_world_time":36282,"minecraft:fall_one_cm":14177},"minecraft:used":{"minecraft:birch_planks":12,"minecraft:stone_pickaxe":36,"minecraft:oak_planks":46,"minecraft:chest":1,"minecraft:wooden_pickaxe":28,"minecraft:iron_sword":51,"minecraft:torch":69,"minecraft:golden_apple":1,"minecraft:mutton":4,"minecraft:crafting_table":5,"minecraft:spruce_stairs":1,"minecraft:brown_terracotta":15,"minecraft:wooden_axe":40,"minecraft:apple":5,"minecraft:bread":2,"minecraft:iron_pickaxe":141,"minecraft:light_blue_bed":2,"minecraft:stone_axe":22,"minecraft:wooden_sword":43,"minecraft:beef":3,"minecraft:furnace":1,"minecraft:porkchop":13},"minecraft:mined":{"minecraft:diamond_ore":2,"iceandfire:silver_ore":5,"minecraft:crafting_table":4,"minecraft:torch":1,"minecraft:spruce_fence":2,"minecraft:redstone_wire":1,"iceandfire:deepslate_silver_ore":1,"minecraft:mushroom_stem":6,"minecraft:deepslate_gold_ore":4,"minecraft:lapis_ore":4,"minecraft:spawner":2,"minecraft:spruce_stairs":1,"minecraft:birch_planks":1,"minecraft:light_blue_bed":2,"minecraft:birch_log":6,"minecraft:iron_ore":33,"minecraft:andesite":2,"minecraft:birch_leaves":1,"minecraft:deepslate_lapis_ore":5,"minecraft:grass":1,"minecraft:oak_log":34,"minecraft:coal_ore":45,"minecraft:deepslate_iron_ore":33,"minecraft:brown_terracotta":17,"minecraft:stone":34,"minecraft:gold_ore":3,"minecraft:deepslate":9,"minecraft:oak_leaves":12},"minecraft:picked_up":{"minecraft:birch_log":6,"minecraft:wheat":1,"minecraft:crafting_table":4,"minecraft:ladder":4,"minecraft:andesite":2,"minecraft:leather":2,"minecraft:birch_planks":1,"paraglider:spirit_orb":4,"minecraft:oak_log":34,"minecraft:gunpowder":1,"minecraft:lapis_lazuli":56,"skilltree:gem":13,"minecraft:dirt":1,"minecraft:string":2,"minecraft:cobbled_deepslate":9,"minecraft:raw_gold":7,"minecraft:beef":3,"minecraft:raw_iron":65,"minecraft:brown_terracotta":16,"minecraft:torch":1,"minecraft:spruce_stairs":2,"minecraft:spruce_fence":2,"minecraft:porkchop":13,"minecraft:light_blue_bed":2,"minecraft:spider_eye":1,"minecraft:arrow":2,"minecraft:pumpkin_seeds":2,"minecraft:rotten_flesh":3,"minecraft:diamond":2,"minecraft:oak_sapling":1,"minecraft:mutton":4,"minecraft:coal":44,"minecraft:white_wool":2,"iceandfire:raw_silver":6,"minecraft:cobblestone":36}},"DataVersion":3465}