{"stats":{"minecraft:crafted":{"minecraft:dark_oak_boat":1,"minecraft:crafting_table":2,"minecraft:stick":8,"minecraft:wooden_pickaxe":1,"minecraft:stone_pickaxe":1,"minecraft:wooden_axe":2,"minecraft:acacia_planks":16,"minecraft:dark_oak_planks":16,"minecraft:torch":8,"minecraft:bread":1},"minecraft:mined":{"minecraft:acacia_leaves":6,"minecraft:crafting_table":6,"minecraft:grass":18,"minecraft:acacia_log":14,"minecraft:grass_block":6,"minecraft:oak_log":11,"minecraft:coal_ore":3,"minecraft:chest":1,"minecraft:sand":1,"minecraft:dirt":9,"minecraft:tall_grass":5,"minecraft:copper_ore":12,"minecraft:cobblestone":2,"minecraft:stone":15,"minecraft:sugar_cane":8,"minecraft:oak_leaves":1,"minecraft:wall_torch":3},"minecraft:used":{"minecraft:wooden_axe":46,"minecraft:bread":1,"minecraft:stone_pickaxe":29,"minecraft:wooden_pickaxe":3,"minecraft:torch":4,"minecraft:dirt":9,"minecraft:cobblestone":2,"minecraft:dark_oak_boat":1,"minecraft:crafting_table":8,"minecraft:goat_horn":1,"minecraft:carrot":11},"minecraft:killed_by":{"iceandfire:cockatrice":3},"minecraft:killed":{"minecraft:pillager":1},"minecraft:picked_up":{"minecraft:wooden_axe":2,"minecraft:stick":8,"minecraft:crafting_table":8,"minecraft:wheat":8,"minecraft:dark_oak_boat":1,"minecraft:torch":3,"minecraft:acacia_log":45,"minecraft:sand":1,"minecraft:oak_log":11,"minecraft:carrot":10,"minecraft:dirt":16,"skilltree:gem":3,"minecraft:dark_oak_log":12,"minecraft:goat_horn":2,"minecraft:string":6,"minecraft:raw_copper":43,"minecraft:arrow":15,"minecraft:acacia_planks":3,"weaponmaster:tutorialbook":3,"minecraft:chest":4,"minecraft:sugar_cane":56,"minecraft:acacia_sapling":13,"minecraft:coal":3,"minecraft:cobblestone":17},"minecraft:custom":{"minecraft:time_since_rest":22716,"minecraft:sprint_one_cm":48045,"minecraft:damage_taken":940,"minecraft:walk_one_cm":25368,"minecraft:mob_kills":1,"minecraft:damage_dealt":583,"minecraft:swim_one_cm":7396,"minecraft:interact_with_crafting_table":8,"minecraft:fly_one_cm":87650,"minecraft:open_chest":1,"minecraft:crouch_one_cm":5858,"minecraft:play_time":34552,"minecraft:deaths":3,"minecraft:sneak_time":2353,"minecraft:walk_under_water_one_cm":1215,"minecraft:jump":348,"minecraft:leave_game":5,"minecraft:time_since_death":22692,"minecraft:walk_on_water_one_cm":2024,"minecraft:total_world_time":34552,"minecraft:fall_one_cm":7431}},"DataVersion":3465}