{"stats":{"minecraft:crafted":{"minecraft:acacia_planks":12,"minecraft:crafting_table":1,"minecraft:stick":4,"minecraft:wooden_axe":1},"minecraft:mined":{"minecraft:grass":9,"minecraft:acacia_log":7,"minecraft:grass_block":1,"minecraft:acacia_leaves":1,"minecraft:chest":1,"minecraft:dirt":3,"minecraft:sugar_cane":7,"minecraft:crafting_table":1},"minecraft:used":{"minecraft:wooden_axe":12,"minecraft:dirt":4,"minecraft:crafting_table":2,"minecraft:goat_horn":1},"minecraft:killed":{"minecraft:pillager":1},"minecraft:picked_up":{"minecraft:crafting_table":1,"minecraft:acacia_log":7,"minecraft:sugar_cane":13,"minecraft:dirt":4},"minecraft:custom":{"minecraft:open_chest":1,"minecraft:time_since_rest":5801,"minecraft:play_time":5801,"minecraft:crouch_one_cm":1404,"minecraft:sprint_one_cm":9895,"minecraft:damage_taken":60,"minecraft:walk_one_cm":5990,"minecraft:sneak_time":490,"minecraft:walk_under_water_one_cm":86,"minecraft:mob_kills":1,"minecraft:jump":69,"minecraft:damage_dealt":240,"minecraft:walk_on_water_one_cm":303,"minecraft:time_since_death":5801,"minecraft:total_world_time":5801,"minecraft:swim_one_cm":2255,"minecraft:fall_one_cm":1939,"minecraft:interact_with_crafting_table":1,"minecraft:fly_one_cm":16933}},"DataVersion":3465}