{"stats":{"minecraft:crafted":{"minecraft:crafting_table":2,"minecraft:stick":4,"minecraft:wooden_axe":2,"minecraft:acacia_planks":16},"minecraft:mined":{"minecraft:acacia_leaves":6,"minecraft:crafting_table":3,"minecraft:grass":16,"minecraft:acacia_log":14,"minecraft:grass_block":3,"minecraft:chest":1,"minecraft:dirt":6,"minecraft:tall_grass":4,"minecraft:sugar_cane":7},"minecraft:used":{"minecraft:wooden_axe":31,"minecraft:dirt":6,"minecraft:crafting_table":5,"minecraft:goat_horn":1,"minecraft:carrot":4},"minecraft:killed_by":{"iceandfire:cockatrice":3},"minecraft:killed":{"minecraft:pillager":1},"minecraft:picked_up":{"minecraft:wooden_axe":2,"minecraft:stick":8,"minecraft:crafting_table":5,"minecraft:wheat":8,"minecraft:acacia_log":45,"minecraft:carrot":10,"minecraft:goat_horn":2,"minecraft:dark_oak_log":12,"minecraft:dirt":10,"minecraft:string":6,"minecraft:arrow":15,"minecraft:acacia_planks":3,"weaponmaster:tutorialbook":3,"minecraft:sugar_cane":52,"minecraft:chest":4,"minecraft:acacia_sapling":13},"minecraft:custom":{"minecraft:time_since_rest":2973,"minecraft:sprint_one_cm":37269,"minecraft:damage_taken":805,"minecraft:walk_one_cm":20308,"minecraft:mob_kills":1,"minecraft:damage_dealt":583,"minecraft:swim_one_cm":6653,"minecraft:interact_with_crafting_table":2,"minecraft:fly_one_cm":65754,"minecraft:open_chest":1,"minecraft:crouch_one_cm":2232,"minecraft:play_time":14809,"minecraft:deaths":3,"minecraft:sneak_time":797,"minecraft:walk_under_water_one_cm":901,"minecraft:jump":236,"minecraft:leave_game":1,"minecraft:time_since_death":2949,"minecraft:walk_on_water_one_cm":362,"minecraft:total_world_time":14809,"minecraft:fall_one_cm":4714}},"DataVersion":3465}