{"stats":{"minecraft:dropped":{"minecraft:wheat_seeds":3,"minecraft:lapis_lazuli":50,"minecraft:glow_ink_sac":5,"minecraft:golden_pickaxe":1,"minecraft:feather":1,"minecraft:cobblestone":1,"minecraft:spruce_stairs":3,"iceandfire:graveyard_soil":7,"minecraft:stick":2,"minecraft:dirt":3,"minecraft:gray_wool":2,"minecraft:wooden_axe":2,"minecraft:brown_wool":1,"skilltree:gem":16,"iceandfire:dread_stone_bricks":4,"minecraft:gold_nugget":8,"minecraft:sand":1,"minecraft:iron_shovel":1,"minecraft:gravel":1,"minecraft:note_block":1,"minecraft:iron_nugget":2,"minecraft:raw_copper":41,"minecraft:rotten_flesh":4,"minecraft:light_gray_wool":4,"minecraft:oak_planks":2,"minecraft:spruce_fence":2,"minecraft:pumpkin_seeds":2,"iceandfire:ghost_chest":2,"minecraft:gunpowder":1,"minecraft:skeleton_skull":1,"minecraft:iron_chestplate":1,"minecraft:andesite":6,"minecraft:oak_sapling":4,"minecraft:golden_sword":2,"minecraft:barrel":1,"minecraft:wooden_pickaxe":1,"minecraft:stone_pickaxe":2},"minecraft:crafted":{"minecraft:oak_planks":100,"minecraft:furnace":2,"minecraft:heavy_weighted_pressure_plate":1,"minecraft:cooked_mutton":29,"jet_and_elias_armors:mercenary_gear_helmet":1,"minecraft:stone_pickaxe":1,"minecraft:chest":1,"minecraft:dark_oak_planks":8,"minecraft:cooked_beef":4,"paraglider:paraglider":1,"minecraft:crafting_table":3,"minecraft:wooden_pickaxe":1,"minecraft:iron_sword":1,"minecraft:stone_axe":1,"minecraft:air":0,"minecraft:oak_boat":1,"minecraft:iron_chestplate":1,"minecraft:shield":1,"minecraft:stick":32,"minecraft:iron_pickaxe":2,"minecraft:iron_ingot":28,"minecraft:wooden_axe":1,"minecraft:iron_shovel":1,"minecraft:gold_ingot":1,"minecraft:white_bed":2,"minecraft:torch":40},"minecraft:killed_by":{"iceandfire:dread_scuttler":1,"minecraft:spider":1,"minecraft:skeleton":1,"iceandfire:ghost":1,"iceandfire:fire_dragon":2},"minecraft:killed":{"iceandfire:hippogryph":1,"minecraft:spider":2,"minecraft:skeleton":4,"minecraft:pig":5,"minecraft:rabbit":1,"minecraft:sheep":30,"minecraft:zombie":4,"iceandfire:ghost":2,"minecraft:cow":20},"minecraft:custom":{"minecraft:mob_kills":71,"minecraft:interact_with_crafting_table":31,"minecraft:open_barrel":16,"minecraft:damage_dealt_resisted":408,"minecraft:leave_game":9,"minecraft:time_since_death":1189,"minecraft:climb_one_cm":147,"minecraft:sprint_one_cm":286299,"minecraft:walk_one_cm":203940,"minecraft:drop":62,"minecraft:play_noteblock":1,"minecraft:play_time":122999,"minecraft:deaths":7,"minecraft:sneak_time":7376,"minecraft:walk_under_water_one_cm":7035,"minecraft:jump":2263,"minecraft:walk_on_water_one_cm":19131,"minecraft:total_world_time":122999,"minecraft:interact_with_furnace":47,"minecraft:tune_noteblock":1,"minecraft:sleep_in_bed":8,"minecraft:time_since_rest":1215,"minecraft:damage_taken":2745,"minecraft:trigger_trapped_chest":2,"minecraft:damage_dealt":8744,"minecraft:swim_one_cm":10522,"minecraft:fly_one_cm":484813,"minecraft:player_kills":1,"minecraft:open_chest":9,"minecraft:crouch_one_cm":21746,"minecraft:fall_one_cm":49129},"minecraft:used":{"minecraft:iron_shovel":20,"minecraft:chest":1,"minecraft:iron_sword":124,"minecraft:netherrack":3,"minecraft:iron_chestplate":1,"minecraft:torch":9,"minecraft:dirt":11,"minecraft:granite":9,"minecraft:dark_oak_planks":8,"minecraft:wooden_axe":25,"minecraft:barrel":1,"minecraft:golden_carrot":1,"minecraft:furnace":4,"minecraft:egg":1,"minecraft:cooked_beef":4,"minecraft:cobbled_deepslate":2,"minecraft:cooked_mutton":12,"minecraft:diorite":2,"minecraft:rabbit":1,"jet_and_elias_armors:mercenary_gear_helmet":1,"minecraft:stone_pickaxe":134,"minecraft:oak_planks":35,"minecraft:wooden_pickaxe":16,"minecraft:white_wool":6,"minecraft:crafting_table":13,"minecraft:white_bed":10,"minecraft:iron_pickaxe":179,"minecraft:stone_axe":92,"minecraft:cobblestone":37,"minecraft:andesite":22,"minecraft:oak_boat":2,"minecraft:golden_pickaxe":2},"minecraft:mined":{"minecraft:dark_oak_planks":8,"minecraft:white_bed":8,"iceandfire:graveyard_soil":11,"iceandfire:silver_ore":4,"minecraft:glow_lichen":1,"minecraft:granite":9,"minecraft:grass_block":3,"iceandfire:dread_spawner":1,"minecraft:furnace":3,"minecraft:iron_ore":47,"minecraft:barrel":2,"minecraft:andesite":28,"minecraft:deepslate_lapis_ore":6,"iceandfire:gold_pile":44,"minecraft:dirt_path":1,"minecraft:deepslate_iron_ore":4,"minecraft:vine":4,"iceandfire:dread_stone_bricks_cracked":4,"minecraft:stone":60,"minecraft:white_wool":6,"minecraft:powder_snow":11,"minecraft:crafting_table":10,"minecraft:torch":3,"minecraft:note_block":1,"iceandfire:ghost_chest":2,"minecraft:chest":10,"minecraft:mushroom_stem":25,"minecraft:copper_ore":10,"minecraft:cobblestone":2,"minecraft:lapis_ore":2,"minecraft:sugar_cane":2,"minecraft:oak_planks":21,"minecraft:diorite":2,"minecraft:wall_torch":1,"minecraft:deepslate_copper_ore":5,"minecraft:skeleton_skull":1,"minecraft:coarse_dirt":1,"minecraft:birch_leaves":3,"minecraft:grass":11,"minecraft:oak_log":25,"minecraft:coal_ore":77,"minecraft:gravel":1,"minecraft:sand":2,"minecraft:dirt":13,"minecraft:netherrack":4,"iceandfire:dread_stone_bricks":4,"minecraft:piston":5,"minecraft:oak_leaves":15,"minecraft:deepslate":2},"minecraft:picked_up":{"minecraft:wooden_axe":6,"iceandfire:dread_stone_bricks":8,"minecraft:crafting_table":14,"minecraft:iron_chestplate":3,"minecraft:golden_pickaxe":1,"minecraft:chain":1,"minecraft:golden_sword":2,"minecraft:shield":2,"iceandfire:manuscript":14,"minecraft:string":9,"minecraft:raw_copper":140,"minecraft:iron_leggings":2,"minecraft:iron_shovel":1,"iceandfire:graveyard_soil":12,"minecraft:cobbled_deepslate":2,"minecraft:gold_nugget":591,"minecraft:spruce_planks":2,"minecraft:beef":74,"minecraft:oak_boat":4,"minecraft:iron_pickaxe":1,"minecraft:light_gray_wool":4,"minecraft:sugar_cane":21,"minecraft:chest":10,"minecraft:piston":30,"minecraft:furnace":4,"minecraft:egg":1,"minecraft:stick":5,"minecraft:raw_iron":131,"iceandfire:ghost_chest":3,"minecraft:torch":16,"minecraft:spruce_stairs":9,"minecraft:spruce_fence":6,"minecraft:note_block":5,"minecraft:porkchop":26,"minecraft:diorite":4,"minecraft:dark_oak_planks":22,"iceandfire:silver_ingot":14,"minecraft:rotten_flesh":8,"minecraft:gold_ingot":20,"minecraft:obsidian":5,"minecraft:mutton":70,"minecraft:skeleton_skull":3,"minecraft:white_wool":54,"minecraft:cobblestone":104,"paraglider:paraglider":2,"minecraft:feather":2,"minecraft:golden_carrot":11,"minecraft:glow_ink_sac":13,"minecraft:andesite":28,"minecraft:brown_wool":2,"minecraft:leather":28,"minecraft:oak_log":37,"jet_and_elias_armors:mercenary_gear_helmet":2,"iceandfire:dread_stone_bricks_cracked":3,"minecraft:gunpowder":1,"minecraft:lapis_lazuli":274,"skilltree:gem":42,"minecraft:dirt":14,"minecraft:cooked_mutton":35,"minecraft:bone":43,"minecraft:wheat_seeds":8,"minecraft:stone_pickaxe":5,"minecraft:iron_ingot":23,"minecraft:cobweb":13,"minecraft:rabbit":1,"minecraft:iron_sword":4,"minecraft:oak_planks":80,"minecraft:book":2,"minecraft:gravel":4,"minecraft:sand":1,"minecraft:white_bed":9,"minecraft:barrel":5,"minecraft:pumpkin_seeds":2,"minecraft:stone_axe":4,"minecraft:granite":12,"minecraft:gray_wool":4,"minecraft:bread":6,"minecraft:coal":140,"minecraft:netherrack":3,"minecraft:oak_sapling":4,"minecraft:stripped_dark_oak_log":6,"iceandfire:raw_silver":24}},"DataVersion":3465}