{"stats":{"minecraft:picked_up":{"minecraft:crafting_table":1,"minecraft:stick":5,"minecraft:apple":2,"minecraft:oak_log":5,"minecraft:oak_sapling":1,"minecraft:oak_planks":10,"minecraft:dirt":14,"minecraft:cobblestone":15},"minecraft:crafted":{"minecraft:stone_sword":1,"minecraft:oak_planks":16,"minecraft:stone_axe":1,"minecraft:crafting_table":1,"minecraft:stick":4,"minecraft:stone_pickaxe":1,"minecraft:wooden_pickaxe":1},"minecraft:custom":{"minecraft:time_since_rest":14140,"minecraft:crouch_one_cm":2006,"minecraft:sprint_one_cm":10383,"minecraft:play_time":14140,"minecraft:damage_taken":40,"minecraft:walk_one_cm":7035,"minecraft:sneak_time":792,"minecraft:drop":1,"minecraft:jump":110,"minecraft:leave_game":5,"minecraft:time_since_death":14140,"minecraft:total_world_time":14140,"minecraft:interact_with_crafting_table":4,"minecraft:fall_one_cm":3691,"minecraft:fly_one_cm":15990,"minecraft:open_chest":1},"minecraft:dropped":{"minecraft:oak_planks":10},"minecraft:mined":{"minecraft:grass":5,"minecraft:grass_block":3,"minecraft:oak_log":5,"minecraft:dirt":11,"minecraft:tall_grass":2,"minecraft:stone":15,"minecraft:crafting_table":1},"minecraft:used":{"minecraft:stone_axe":1,"minecraft:dirt":2,"minecraft:crafting_table":1,"minecraft:stone_pickaxe":13,"minecraft:wooden_pickaxe":3}},"DataVersion":3465}