{"stats":{"minecraft:crafted":{"minecraft:crafting_table":2,"minecraft:stick":8,"minecraft:wooden_pickaxe":1,"minecraft:stone_pickaxe":1,"minecraft:wooden_axe":2,"minecraft:acacia_planks":16,"minecraft:torch":8,"minecraft:dark_oak_planks":16},"minecraft:mined":{"minecraft:acacia_leaves":6,"minecraft:crafting_table":5,"minecraft:grass":16,"minecraft:acacia_log":14,"minecraft:grass_block":4,"minecraft:coal_ore":3,"minecraft:chest":1,"minecraft:sand":1,"minecraft:dirt":6,"minecraft:copper_ore":12,"minecraft:cobblestone":2,"minecraft:tall_grass":4,"minecraft:stone":14,"minecraft:sugar_cane":7},"minecraft:used":{"minecraft:wooden_axe":33,"minecraft:stone_pickaxe":28,"minecraft:wooden_pickaxe":3,"minecraft:dirt":6,"minecraft:cobblestone":2,"minecraft:crafting_table":6,"minecraft:goat_horn":1,"minecraft:carrot":4},"minecraft:killed_by":{"iceandfire:cockatrice":3},"minecraft:killed":{"minecraft:pillager":1},"minecraft:picked_up":{"minecraft:wooden_axe":2,"minecraft:stick":8,"minecraft:crafting_table":7,"minecraft:wheat":8,"minecraft:acacia_log":45,"minecraft:sand":1,"minecraft:carrot":10,"skilltree:gem":3,"minecraft:string":6,"minecraft:goat_horn":2,"minecraft:dark_oak_log":12,"minecraft:dirt":11,"minecraft:raw_copper":43,"minecraft:arrow":15,"minecraft:acacia_planks":3,"weaponmaster:tutorialbook":3,"minecraft:sugar_cane":52,"minecraft:chest":4,"minecraft:coal":3,"minecraft:acacia_sapling":13,"minecraft:cobblestone":16},"minecraft:custom":{"minecraft:time_since_rest":8366,"minecraft:sprint_one_cm":40511,"minecraft:damage_taken":805,"minecraft:walk_one_cm":22369,"minecraft:mob_kills":1,"minecraft:damage_dealt":583,"minecraft:swim_one_cm":7396,"minecraft:interact_with_crafting_table":5,"minecraft:fly_one_cm":68021,"minecraft:open_chest":1,"minecraft:crouch_one_cm":4517,"minecraft:play_time":20202,"minecraft:deaths":3,"minecraft:sneak_time":1760,"minecraft:walk_under_water_one_cm":1215,"minecraft:jump":268,"minecraft:leave_game":1,"minecraft:walk_on_water_one_cm":1809,"minecraft:time_since_death":8342,"minecraft:total_world_time":20202,"minecraft:fall_one_cm":4714}},"DataVersion":3465}