{"stats":{"minecraft:crafted":{"minecraft:oak_planks":12,"minecraft:crafting_table":1,"minecraft:stick":4,"minecraft:wooden_axe":1},"minecraft:killed":{"minecraft:cow":4},"minecraft:custom":{"minecraft:open_barrel":1,"minecraft:time_since_rest":4088,"minecraft:crouch_one_cm":353,"minecraft:sprint_one_cm":16648,"minecraft:play_time":4088,"minecraft:damage_taken":20,"minecraft:walk_one_cm":8903,"minecraft:sneak_time":126,"minecraft:mob_kills":4,"minecraft:jump":65,"minecraft:damage_dealt":400,"minecraft:leave_game":2,"minecraft:time_since_death":4088,"minecraft:total_world_time":4088,"minecraft:interact_with_crafting_table":1,"minecraft:fall_one_cm":1240,"minecraft:fly_one_cm":12743},"minecraft:used":{"minecraft:wooden_axe":4,"minecraft:crafting_table":1},"minecraft:mined":{"minecraft:grass":1,"minecraft:oak_log":3,"minecraft:mushroom_stem":1,"minecraft:barrel":1,"minecraft:crafting_table":1},"minecraft:picked_up":{"minecraft:crafting_table":1,"minecraft:leather":3,"minecraft:wheat_seeds":1,"minecraft:beef":4,"minecraft:oak_log":3,"minecraft:barrel":1}},"DataVersion":3465}