{"stats":{"minecraft:dropped":{"minecraft:wooden_pickaxe":1},"minecraft:crafted":{"minecraft:oak_planks":32,"minecraft:crafting_table":1,"minecraft:stick":16,"minecraft:wooden_pickaxe":1,"minecraft:wooden_axe":1,"minecraft:stone_pickaxe":1,"minecraft:torch":28,"minecraft:stone_axe":1},"minecraft:killed":{"minecraft:skeleton":1,"minecraft:zombie":1,"minecraft:cow":4},"minecraft:custom":{"minecraft:time_since_rest":14996,"minecraft:sprint_one_cm":28159,"minecraft:damage_taken":120,"minecraft:walk_one_cm":23070,"minecraft:mob_kills":6,"minecraft:drop":1,"minecraft:damage_dealt":740,"minecraft:play_noteblock":1,"minecraft:interact_with_crafting_table":5,"minecraft:tune_noteblock":1,"minecraft:fly_one_cm":27226,"minecraft:open_barrel":1,"minecraft:crouch_one_cm":5654,"minecraft:play_time":14996,"minecraft:sneak_time":2498,"minecraft:walk_under_water_one_cm":259,"minecraft:jump":164,"minecraft:leave_game":3,"minecraft:walk_on_water_one_cm":1592,"minecraft:time_since_death":14996,"minecraft:total_world_time":14996,"minecraft:fall_one_cm":4794},"minecraft:used":{"minecraft:wooden_axe":20,"minecraft:stone_pickaxe":62,"minecraft:wooden_pickaxe":16,"minecraft:stone_axe":5,"minecraft:crafting_table":4,"minecraft:andesite":18},"minecraft:mined":{"iceandfire:silver_ore":4,"minecraft:iron_ore":8,"minecraft:barrel":1,"minecraft:andesite":20,"minecraft:crafting_table":4,"minecraft:note_block":1,"minecraft:grass":1,"minecraft:oak_log":14,"minecraft:coal_ore":7,"minecraft:gravel":1,"minecraft:mushroom_stem":25,"minecraft:copper_ore":10,"minecraft:stone":23,"minecraft:piston":5,"minecraft:diorite":1,"minecraft:oak_leaves":1},"minecraft:picked_up":{"minecraft:raw_iron":8,"minecraft:crafting_table":4,"minecraft:andesite":18,"minecraft:leather":3,"minecraft:gravel":1,"minecraft:note_block":1,"minecraft:oak_log":14,"minecraft:diorite":1,"minecraft:barrel":1,"skilltree:gem":5,"minecraft:raw_copper":29,"minecraft:bone":2,"minecraft:wheat_seeds":1,"minecraft:beef":4,"minecraft:coal":7,"minecraft:piston":5,"iceandfire:raw_silver":4,"minecraft:cobblestone":21}},"DataVersion":3465}