{"stats":{"minecraft:dropped":{"minecraft:wheat_seeds":2,"minecraft:lapis_lazuli":50,"minecraft:glow_ink_sac":5,"minecraft:golden_pickaxe":1,"minecraft:feather":1,"minecraft:cobblestone":1,"minecraft:spruce_stairs":3,"iceandfire:graveyard_soil":7,"minecraft:stick":2,"minecraft:dirt":3,"minecraft:gray_wool":2,"minecraft:wooden_axe":2,"minecraft:brown_wool":1,"skilltree:gem":16,"iceandfire:dread_stone_bricks":4,"minecraft:gold_nugget":8,"minecraft:sand":1,"minecraft:iron_shovel":1,"minecraft:gravel":1,"minecraft:note_block":1,"minecraft:iron_nugget":2,"minecraft:raw_copper":41,"minecraft:rotten_flesh":4,"minecraft:light_gray_wool":4,"minecraft:oak_planks":2,"minecraft:spruce_fence":2,"minecraft:pumpkin_seeds":2,"iceandfire:ghost_chest":1,"minecraft:gunpowder":1,"minecraft:skeleton_skull":1,"minecraft:iron_chestplate":1,"minecraft:andesite":6,"minecraft:oak_sapling":4,"minecraft:golden_sword":2,"minecraft:barrel":1,"minecraft:wooden_pickaxe":1,"minecraft:stone_pickaxe":2},"minecraft:crafted":{"minecraft:oak_planks":100,"minecraft:furnace":2,"minecraft:heavy_weighted_pressure_plate":1,"minecraft:cooked_mutton":29,"jet_and_elias_armors:mercenary_gear_helmet":1,"minecraft:stone_pickaxe":1,"minecraft:dark_oak_planks":8,"minecraft:cooked_beef":4,"paraglider:paraglider":1,"minecraft:crafting_table":3,"minecraft:wooden_pickaxe":1,"minecraft:iron_sword":1,"minecraft:stone_axe":1,"minecraft:air":0,"minecraft:oak_boat":1,"minecraft:iron_chestplate":1,"minecraft:shield":1,"minecraft:stick":32,"minecraft:iron_pickaxe":2,"minecraft:iron_ingot":28,"minecraft:wooden_axe":1,"minecraft:iron_shovel":1,"minecraft:gold_ingot":1,"minecraft:white_bed":2,"minecraft:torch":40},"minecraft:killed_by":{"iceandfire:dread_scuttler":1,"minecraft:spider":1,"minecraft:skeleton":1},"minecraft:killed":{"iceandfire:hippogryph":1,"minecraft:spider":2,"minecraft:skeleton":4,"minecraft:pig":5,"minecraft:rabbit":1,"minecraft:sheep":30,"minecraft:zombie":4,"minecraft:cow":20},"minecraft:custom":{"minecraft:mob_kills":69,"minecraft:interact_with_crafting_table":30,"minecraft:open_barrel":16,"minecraft:damage_dealt_resisted":408,"minecraft:leave_game":8,"minecraft:time_since_death":31900,"minecraft:climb_one_cm":135,"minecraft:sprint_one_cm":260818,"minecraft:walk_one_cm":174838,"minecraft:drop":60,"minecraft:play_noteblock":1,"minecraft:play_time":110498,"minecraft:deaths":3,"minecraft:sneak_time":5793,"minecraft:walk_under_water_one_cm":7035,"minecraft:jump":2044,"minecraft:walk_on_water_one_cm":19131,"minecraft:total_world_time":110498,"minecraft:interact_with_furnace":45,"minecraft:tune_noteblock":1,"minecraft:sleep_in_bed":7,"minecraft:time_since_rest":9056,"minecraft:damage_taken":1104,"minecraft:damage_dealt":8142,"minecraft:swim_one_cm":10522,"minecraft:fly_one_cm":357259,"minecraft:player_kills":1,"minecraft:open_chest":5,"minecraft:crouch_one_cm":12819,"minecraft:fall_one_cm":43414},"minecraft:used":{"minecraft:iron_shovel":20,"minecraft:iron_sword":115,"minecraft:netherrack":3,"minecraft:iron_chestplate":1,"minecraft:torch":6,"minecraft:dirt":11,"minecraft:granite":9,"minecraft:dark_oak_planks":8,"minecraft:wooden_axe":25,"minecraft:barrel":1,"minecraft:furnace":3,"minecraft:egg":1,"minecraft:cooked_beef":4,"minecraft:cobbled_deepslate":2,"minecraft:cooked_mutton":10,"minecraft:diorite":2,"minecraft:rabbit":1,"jet_and_elias_armors:mercenary_gear_helmet":1,"minecraft:stone_pickaxe":134,"minecraft:oak_planks":35,"minecraft:wooden_pickaxe":16,"minecraft:white_wool":6,"minecraft:crafting_table":12,"minecraft:white_bed":8,"minecraft:iron_pickaxe":135,"minecraft:stone_axe":77,"minecraft:cobblestone":37,"minecraft:andesite":22,"minecraft:oak_boat":2,"minecraft:golden_pickaxe":2},"minecraft:mined":{"minecraft:dark_oak_planks":8,"minecraft:white_bed":7,"iceandfire:graveyard_soil":11,"iceandfire:silver_ore":4,"minecraft:glow_lichen":1,"minecraft:granite":9,"minecraft:grass_block":3,"iceandfire:dread_spawner":1,"minecraft:furnace":3,"minecraft:iron_ore":47,"minecraft:barrel":2,"minecraft:andesite":28,"minecraft:deepslate_lapis_ore":6,"minecraft:dirt_path":1,"minecraft:deepslate_iron_ore":4,"minecraft:vine":3,"iceandfire:dread_stone_bricks_cracked":4,"minecraft:stone":60,"minecraft:white_wool":6,"minecraft:powder_snow":11,"minecraft:crafting_table":10,"minecraft:torch":2,"minecraft:note_block":1,"iceandfire:ghost_chest":1,"minecraft:mushroom_stem":25,"minecraft:copper_ore":10,"minecraft:cobblestone":2,"minecraft:lapis_ore":2,"minecraft:sugar_cane":2,"minecraft:oak_planks":21,"minecraft:diorite":2,"minecraft:deepslate_copper_ore":5,"minecraft:skeleton_skull":1,"minecraft:coarse_dirt":1,"minecraft:birch_leaves":3,"minecraft:grass":10,"minecraft:oak_log":25,"minecraft:coal_ore":77,"minecraft:gravel":1,"minecraft:sand":2,"minecraft:dirt":13,"minecraft:netherrack":4,"iceandfire:dread_stone_bricks":4,"minecraft:piston":5,"minecraft:oak_leaves":15,"minecraft:deepslate":2},"minecraft:picked_up":{"minecraft:wooden_axe":6,"iceandfire:dread_stone_bricks":8,"minecraft:crafting_table":13,"minecraft:iron_chestplate":2,"minecraft:golden_pickaxe":1,"minecraft:golden_sword":2,"minecraft:shield":1,"minecraft:string":6,"minecraft:raw_copper":140,"minecraft:iron_shovel":1,"iceandfire:graveyard_soil":7,"minecraft:cobbled_deepslate":2,"minecraft:gold_nugget":34,"minecraft:spruce_planks":2,"minecraft:beef":48,"minecraft:oak_boat":3,"minecraft:light_gray_wool":4,"minecraft:sugar_cane":14,"minecraft:piston":25,"minecraft:furnace":3,"minecraft:egg":1,"minecraft:stick":5,"minecraft:raw_iron":107,"iceandfire:ghost_chest":2,"minecraft:torch":6,"minecraft:spruce_stairs":9,"minecraft:spruce_fence":6,"minecraft:note_block":5,"minecraft:porkchop":15,"minecraft:diorite":4,"minecraft:dark_oak_planks":16,"iceandfire:silver_ingot":7,"minecraft:rotten_flesh":8,"minecraft:mutton":54,"minecraft:skeleton_skull":2,"minecraft:white_wool":36,"minecraft:cobblestone":104,"paraglider:paraglider":1,"minecraft:feather":2,"minecraft:glow_ink_sac":13,"minecraft:andesite":28,"minecraft:brown_wool":2,"minecraft:leather":18,"minecraft:oak_log":37,"jet_and_elias_armors:mercenary_gear_helmet":1,"iceandfire:dread_stone_bricks_cracked":3,"minecraft:gunpowder":1,"minecraft:lapis_lazuli":224,"skilltree:gem":37,"minecraft:dirt":14,"minecraft:cooked_mutton":18,"minecraft:bone":14,"minecraft:wheat_seeds":6,"minecraft:stone_pickaxe":5,"minecraft:iron_ingot":1,"minecraft:rabbit":1,"minecraft:iron_sword":1,"minecraft:oak_planks":72,"minecraft:gravel":4,"minecraft:sand":1,"minecraft:white_bed":8,"minecraft:barrel":5,"minecraft:pumpkin_seeds":2,"minecraft:stone_axe":3,"minecraft:granite":12,"minecraft:gray_wool":4,"minecraft:coal":76,"minecraft:netherrack":3,"minecraft:oak_sapling":4,"minecraft:stripped_dark_oak_log":6,"iceandfire:raw_silver":20}},"DataVersion":3465}