{"stats":{"minecraft:killed":{"minecraft:cow":2},"minecraft:custom":{"minecraft:jump":34,"minecraft:time_since_rest":1537,"minecraft:damage_dealt":200,"minecraft:damage_taken":20,"minecraft:sprint_one_cm":5747,"minecraft:leave_game":2,"minecraft:play_time":1537,"minecraft:time_since_death":1537,"minecraft:walk_one_cm":4230,"minecraft:total_world_time":1537,"minecraft:mob_kills":2,"minecraft:fall_one_cm":822,"minecraft:fly_one_cm":6356},"minecraft:mined":{"minecraft:grass":1,"minecraft:oak_log":1},"minecraft:picked_up":{"minecraft:beef":2,"minecraft:oak_log":1,"minecraft:leather":3,"minecraft:wheat_seeds":1}},"DataVersion":3465}