{"stats":{"minecraft:dropped":{"minecraft:gravel":1,"minecraft:wheat_seeds":2,"minecraft:raw_copper":41,"minecraft:rotten_flesh":4,"minecraft:spruce_fence":2,"minecraft:pumpkin_seeds":2,"minecraft:stick":1,"minecraft:dirt":2,"minecraft:gunpowder":1,"minecraft:iron_chestplate":1,"minecraft:wooden_axe":1,"skilltree:gem":4,"minecraft:oak_sapling":2,"minecraft:sand":1,"minecraft:wooden_pickaxe":1},"minecraft:crafted":{"minecraft:cooked_beef":4,"minecraft:oak_planks":64,"minecraft:crafting_table":2,"minecraft:wooden_pickaxe":1,"minecraft:iron_sword":1,"minecraft:furnace":1,"minecraft:stone_axe":1,"minecraft:heavy_weighted_pressure_plate":1,"minecraft:air":0,"jet_and_elias_armors:mercenary_gear_helmet":1,"minecraft:oak_boat":1,"minecraft:iron_chestplate":1,"minecraft:shield":1,"minecraft:stick":20,"minecraft:iron_ingot":21,"minecraft:iron_pickaxe":1,"minecraft:stone_pickaxe":1,"minecraft:wooden_axe":1,"minecraft:white_bed":1,"minecraft:torch":32},"minecraft:killed_by":{"minecraft:skeleton":1,"minecraft:spider":1},"minecraft:killed":{"minecraft:pig":1,"minecraft:spider":2,"minecraft:sheep":11,"minecraft:skeleton":4,"minecraft:zombie":3,"minecraft:cow":7},"minecraft:custom":{"minecraft:interact_with_furnace":29,"minecraft:mob_kills":28,"minecraft:tune_noteblock":1,"minecraft:interact_with_crafting_table":18,"minecraft:open_barrel":16,"minecraft:sleep_in_bed":1,"minecraft:leave_game":3,"minecraft:time_since_death":27870,"minecraft:time_since_rest":0,"minecraft:sprint_one_cm":108214,"minecraft:damage_taken":670,"minecraft:walk_one_cm":84574,"minecraft:drop":20,"minecraft:damage_dealt":3414,"minecraft:play_noteblock":1,"minecraft:player_kills":1,"minecraft:swim_one_cm":4340,"minecraft:fly_one_cm":140631,"minecraft:crouch_one_cm":10265,"minecraft:play_time":50996,"minecraft:deaths":2,"minecraft:sneak_time":4275,"minecraft:walk_under_water_one_cm":6192,"minecraft:jump":825,"minecraft:walk_on_water_one_cm":17597,"minecraft:total_world_time":50996,"minecraft:fall_one_cm":21211},"minecraft:used":{"minecraft:diorite":2,"jet_and_elias_armors:mercenary_gear_helmet":1,"minecraft:stone_pickaxe":134,"minecraft:oak_planks":5,"minecraft:wooden_pickaxe":16,"minecraft:iron_sword":22,"minecraft:netherrack":3,"minecraft:iron_chestplate":1,"minecraft:torch":6,"minecraft:dirt":1,"minecraft:crafting_table":7,"minecraft:white_bed":1,"minecraft:granite":9,"minecraft:wooden_axe":25,"minecraft:iron_pickaxe":5,"minecraft:barrel":1,"minecraft:stone_axe":23,"minecraft:cobblestone":25,"minecraft:furnace":1,"minecraft:andesite":18,"minecraft:oak_boat":1,"minecraft:cooked_beef":4,"minecraft:cobbled_deepslate":2},"minecraft:mined":{"iceandfire:silver_ore":4,"minecraft:crafting_table":5,"minecraft:torch":2,"minecraft:note_block":1,"minecraft:granite":9,"minecraft:grass_block":1,"minecraft:mushroom_stem":25,"minecraft:cobblestone":2,"minecraft:copper_ore":10,"minecraft:lapis_ore":2,"minecraft:sugar_cane":2,"minecraft:oak_planks":2,"minecraft:diorite":2,"minecraft:deepslate_copper_ore":5,"minecraft:furnace":1,"minecraft:iron_ore":23,"minecraft:barrel":2,"minecraft:andesite":23,"minecraft:deepslate_lapis_ore":6,"minecraft:grass":2,"minecraft:coal_ore":8,"minecraft:oak_log":16,"minecraft:deepslate_iron_ore":4,"minecraft:sand":2,"minecraft:gravel":1,"minecraft:dirt":1,"minecraft:stone":39,"minecraft:netherrack":4,"minecraft:deepslate":2,"minecraft:piston":5,"minecraft:oak_leaves":1},"minecraft:picked_up":{"minecraft:wooden_axe":6,"minecraft:iron_chestplate":1,"minecraft:crafting_table":7,"minecraft:brown_wool":1,"minecraft:glow_ink_sac":13,"minecraft:andesite":23,"minecraft:leather":6,"minecraft:oak_log":28,"minecraft:gunpowder":1,"minecraft:string":1,"skilltree:gem":29,"minecraft:lapis_lazuli":124,"minecraft:dirt":3,"minecraft:raw_copper":140,"minecraft:bone":12,"minecraft:wheat_seeds":5,"minecraft:cobbled_deepslate":2,"minecraft:spruce_planks":2,"minecraft:beef":16,"minecraft:stone_pickaxe":5,"minecraft:oak_boat":1,"minecraft:light_gray_wool":2,"minecraft:sugar_cane":7,"minecraft:oak_planks":32,"minecraft:piston":20,"minecraft:stick":5,"minecraft:raw_iron":77,"minecraft:torch":6,"minecraft:note_block":4,"minecraft:spruce_stairs":9,"minecraft:gravel":4,"minecraft:spruce_fence":6,"minecraft:sand":1,"minecraft:porkchop":3,"minecraft:diorite":4,"minecraft:barrel":4,"minecraft:pumpkin_seeds":2,"minecraft:rotten_flesh":8,"minecraft:stone_axe":2,"minecraft:granite":12,"minecraft:gray_wool":2,"minecraft:netherrack":3,"minecraft:mutton":17,"minecraft:oak_sapling":2,"minecraft:stripped_dark_oak_log":6,"minecraft:coal":8,"minecraft:white_wool":4,"iceandfire:raw_silver":16,"minecraft:cobblestone":83}},"DataVersion":3465}