{"stats":{"minecraft:dropped":{"minecraft:wheat_seeds":1,"minecraft:pumpkin_seeds":2,"minecraft:gunpowder":1,"minecraft:oak_sapling":1,"minecraft:wooden_pickaxe":1},"minecraft:crafted":{"minecraft:oak_planks":32,"minecraft:crafting_table":1,"minecraft:wooden_pickaxe":1,"minecraft:stone_axe":1,"minecraft:stick":20,"minecraft:stone_pickaxe":1,"minecraft:wooden_axe":1,"minecraft:torch":32},"minecraft:killed_by":{"minecraft:skeleton":1,"minecraft:spider":1},"minecraft:killed":{"minecraft:spider":1,"minecraft:skeleton":2,"minecraft:zombie":1,"minecraft:cow":4},"minecraft:custom":{"minecraft:mob_kills":8,"minecraft:tune_noteblock":1,"minecraft:interact_with_crafting_table":5,"minecraft:open_barrel":1,"minecraft:leave_game":3,"minecraft:time_since_death":3870,"minecraft:time_since_rest":3894,"minecraft:sprint_one_cm":59609,"minecraft:damage_taken":515,"minecraft:walk_one_cm":56969,"minecraft:drop":5,"minecraft:damage_dealt":1100,"minecraft:play_noteblock":1,"minecraft:fly_one_cm":58597,"minecraft:crouch_one_cm":6840,"minecraft:play_time":26996,"minecraft:deaths":2,"minecraft:sneak_time":3204,"minecraft:walk_under_water_one_cm":4403,"minecraft:jump":367,"minecraft:walk_on_water_one_cm":13600,"minecraft:total_world_time":26996,"minecraft:fall_one_cm":12036},"minecraft:used":{"minecraft:diorite":1,"minecraft:stone_pickaxe":105,"minecraft:oak_planks":2,"minecraft:wooden_pickaxe":16,"minecraft:torch":1,"minecraft:crafting_table":4,"minecraft:granite":5,"minecraft:wooden_axe":25,"minecraft:stone_axe":7,"minecraft:cobblestone":2,"minecraft:andesite":18},"minecraft:mined":{"iceandfire:silver_ore":4,"minecraft:crafting_table":4,"minecraft:torch":1,"minecraft:note_block":1,"minecraft:granite":5,"minecraft:mushroom_stem":25,"minecraft:copper_ore":10,"minecraft:lapis_ore":2,"minecraft:oak_planks":2,"minecraft:diorite":1,"minecraft:deepslate_copper_ore":5,"minecraft:iron_ore":22,"minecraft:barrel":1,"minecraft:andesite":20,"minecraft:deepslate_lapis_ore":3,"minecraft:grass":1,"minecraft:coal_ore":8,"minecraft:oak_log":14,"minecraft:deepslate_iron_ore":4,"minecraft:gravel":1,"minecraft:stone":30,"minecraft:deepslate":2,"minecraft:piston":5,"minecraft:oak_leaves":1},"minecraft:picked_up":{"minecraft:wooden_axe":4,"minecraft:crafting_table":6,"minecraft:glow_ink_sac":8,"minecraft:andesite":18,"minecraft:leather":3,"minecraft:oak_log":26,"minecraft:gunpowder":1,"skilltree:gem":17,"minecraft:lapis_lazuli":45,"minecraft:raw_copper":99,"minecraft:bone":6,"minecraft:wheat_seeds":4,"minecraft:cobbled_deepslate":2,"minecraft:spruce_planks":2,"minecraft:beef":12,"minecraft:stone_pickaxe":4,"minecraft:oak_planks":32,"minecraft:piston":15,"minecraft:stick":5,"minecraft:raw_iron":70,"minecraft:torch":5,"minecraft:note_block":3,"minecraft:spruce_stairs":6,"minecraft:gravel":3,"minecraft:spruce_fence":4,"minecraft:diorite":3,"minecraft:barrel":3,"minecraft:pumpkin_seeds":2,"minecraft:stone_axe":2,"minecraft:granite":8,"minecraft:oak_sapling":1,"minecraft:stripped_dark_oak_log":4,"minecraft:coal":8,"iceandfire:raw_silver":12,"minecraft:cobblestone":72}},"DataVersion":3465}