{"stats":{"minecraft:dropped":{"minecraft:wheat_seeds":2,"minecraft:glow_ink_sac":5,"minecraft:cobblestone":1,"minecraft:spruce_stairs":3,"iceandfire:graveyard_soil":7,"minecraft:stick":2,"minecraft:dirt":2,"minecraft:wooden_axe":2,"skilltree:gem":13,"minecraft:sand":1,"minecraft:gravel":1,"minecraft:raw_copper":41,"minecraft:rotten_flesh":4,"minecraft:light_gray_wool":4,"minecraft:oak_planks":2,"minecraft:spruce_fence":2,"minecraft:pumpkin_seeds":2,"minecraft:gunpowder":1,"minecraft:iron_chestplate":1,"minecraft:andesite":5,"minecraft:oak_sapling":4,"minecraft:stone_pickaxe":2,"minecraft:wooden_pickaxe":1},"minecraft:crafted":{"minecraft:oak_planks":100,"minecraft:furnace":2,"minecraft:heavy_weighted_pressure_plate":1,"minecraft:cooked_mutton":21,"jet_and_elias_armors:mercenary_gear_helmet":1,"minecraft:stone_pickaxe":1,"minecraft:dark_oak_planks":8,"minecraft:cooked_beef":4,"paraglider:paraglider":1,"minecraft:crafting_table":3,"minecraft:wooden_pickaxe":1,"minecraft:iron_sword":1,"minecraft:stone_axe":1,"minecraft:air":0,"minecraft:oak_boat":1,"minecraft:iron_chestplate":1,"minecraft:shield":1,"minecraft:stick":28,"minecraft:iron_pickaxe":1,"minecraft:iron_ingot":21,"minecraft:wooden_axe":1,"minecraft:iron_shovel":1,"minecraft:white_bed":2,"minecraft:torch":32},"minecraft:killed_by":{"minecraft:spider":1,"minecraft:skeleton":1},"minecraft:killed":{"minecraft:spider":2,"minecraft:skeleton":4,"minecraft:pig":2,"minecraft:sheep":18,"minecraft:zombie":4,"minecraft:cow":9},"minecraft:custom":{"minecraft:mob_kills":41,"minecraft:interact_with_crafting_table":24,"minecraft:open_barrel":16,"minecraft:leave_game":5,"minecraft:time_since_death":48014,"minecraft:climb_one_cm":135,"minecraft:sprint_one_cm":155236,"minecraft:walk_one_cm":110155,"minecraft:drop":41,"minecraft:play_noteblock":1,"minecraft:play_time":71140,"minecraft:deaths":2,"minecraft:sneak_time":4376,"minecraft:walk_under_water_one_cm":6656,"minecraft:jump":1141,"minecraft:walk_on_water_one_cm":18308,"minecraft:total_world_time":71140,"minecraft:interact_with_furnace":37,"minecraft:tune_noteblock":1,"minecraft:sleep_in_bed":3,"minecraft:time_since_rest":2154,"minecraft:damage_taken":670,"minecraft:damage_dealt":4655,"minecraft:swim_one_cm":6173,"minecraft:fly_one_cm":198090,"minecraft:player_kills":1,"minecraft:crouch_one_cm":10277,"minecraft:fall_one_cm":27627},"minecraft:used":{"minecraft:iron_shovel":20,"minecraft:iron_sword":43,"minecraft:netherrack":3,"minecraft:iron_chestplate":1,"minecraft:torch":6,"minecraft:dirt":1,"minecraft:granite":9,"minecraft:wooden_axe":25,"minecraft:barrel":1,"minecraft:furnace":2,"minecraft:cooked_beef":4,"minecraft:cobbled_deepslate":2,"minecraft:cooked_mutton":3,"minecraft:diorite":2,"jet_and_elias_armors:mercenary_gear_helmet":1,"minecraft:stone_pickaxe":134,"minecraft:oak_planks":5,"minecraft:wooden_pickaxe":16,"minecraft:crafting_table":11,"minecraft:white_bed":3,"minecraft:iron_pickaxe":16,"minecraft:stone_axe":47,"minecraft:cobblestone":27,"minecraft:andesite":18,"minecraft:oak_boat":2},"minecraft:mined":{"minecraft:white_bed":2,"iceandfire:graveyard_soil":11,"iceandfire:silver_ore":4,"minecraft:granite":9,"minecraft:grass_block":1,"minecraft:furnace":2,"minecraft:iron_ore":23,"minecraft:barrel":2,"minecraft:andesite":23,"minecraft:deepslate_lapis_ore":6,"minecraft:deepslate_iron_ore":4,"minecraft:vine":3,"minecraft:stone":49,"minecraft:crafting_table":9,"minecraft:torch":2,"minecraft:note_block":1,"iceandfire:ghost_chest":1,"minecraft:mushroom_stem":25,"minecraft:copper_ore":10,"minecraft:cobblestone":2,"minecraft:lapis_ore":2,"minecraft:sugar_cane":2,"minecraft:oak_planks":2,"minecraft:diorite":2,"minecraft:deepslate_copper_ore":5,"minecraft:skeleton_skull":1,"minecraft:coarse_dirt":1,"minecraft:birch_leaves":1,"minecraft:grass":3,"minecraft:oak_log":25,"minecraft:coal_ore":8,"minecraft:gravel":1,"minecraft:sand":2,"minecraft:dirt":5,"minecraft:netherrack":4,"minecraft:piston":5,"minecraft:oak_leaves":9,"minecraft:deepslate":2},"minecraft:picked_up":{"minecraft:wooden_axe":6,"minecraft:crafting_table":11,"minecraft:iron_chestplate":1,"minecraft:string":3,"minecraft:raw_copper":140,"iceandfire:graveyard_soil":7,"minecraft:cobbled_deepslate":2,"minecraft:gold_nugget":17,"minecraft:spruce_planks":2,"minecraft:beef":19,"minecraft:oak_boat":2,"minecraft:light_gray_wool":4,"minecraft:sugar_cane":7,"minecraft:piston":20,"minecraft:furnace":1,"minecraft:stick":5,"minecraft:raw_iron":77,"iceandfire:ghost_chest":1,"minecraft:torch":6,"minecraft:spruce_stairs":9,"minecraft:spruce_fence":6,"minecraft:note_block":4,"minecraft:porkchop":4,"minecraft:diorite":4,"iceandfire:silver_ingot":2,"minecraft:rotten_flesh":8,"minecraft:mutton":30,"minecraft:skeleton_skull":1,"minecraft:white_wool":12,"minecraft:cobblestone":94,"minecraft:glow_ink_sac":13,"minecraft:andesite":23,"minecraft:brown_wool":1,"minecraft:leather":8,"minecraft:oak_log":37,"minecraft:gunpowder":1,"minecraft:lapis_lazuli":124,"skilltree:gem":29,"minecraft:dirt":3,"minecraft:bone":12,"minecraft:wheat_seeds":5,"minecraft:stone_pickaxe":5,"minecraft:oak_planks":34,"minecraft:gravel":4,"minecraft:sand":1,"minecraft:white_bed":2,"minecraft:barrel":4,"minecraft:pumpkin_seeds":2,"minecraft:stone_axe":2,"minecraft:granite":12,"minecraft:gray_wool":2,"minecraft:coal":8,"minecraft:oak_sapling":4,"minecraft:netherrack":3,"minecraft:stripped_dark_oak_log":6,"iceandfire:raw_silver":16}},"DataVersion":3465}