{"stats":{"minecraft:dropped":{"minecraft:wheat_seeds":1,"minecraft:pumpkin_seeds":2,"minecraft:gunpowder":1,"skilltree:gem":1,"minecraft:oak_sapling":1,"minecraft:wooden_pickaxe":1},"minecraft:crafted":{"minecraft:cooked_beef":1,"minecraft:oak_planks":56,"minecraft:crafting_table":1,"minecraft:wooden_pickaxe":1,"minecraft:furnace":1,"minecraft:stone_axe":1,"minecraft:heavy_weighted_pressure_plate":1,"minecraft:air":0,"jet_and_elias_armors:mercenary_gear_helmet":1,"minecraft:stick":20,"minecraft:iron_ingot":20,"minecraft:iron_pickaxe":1,"minecraft:stone_pickaxe":1,"minecraft:wooden_axe":1,"minecraft:torch":32},"minecraft:killed_by":{"minecraft:skeleton":1,"minecraft:spider":1},"minecraft:killed":{"minecraft:spider":1,"minecraft:skeleton":4,"minecraft:zombie":3,"minecraft:cow":4},"minecraft:custom":{"minecraft:interact_with_furnace":23,"minecraft:mob_kills":12,"minecraft:tune_noteblock":1,"minecraft:interact_with_crafting_table":12,"minecraft:open_barrel":12,"minecraft:leave_game":3,"minecraft:time_since_death":15870,"minecraft:time_since_rest":15894,"minecraft:sprint_one_cm":69970,"minecraft:damage_taken":650,"minecraft:walk_one_cm":65584,"minecraft:drop":6,"minecraft:damage_dealt":1974,"minecraft:play_noteblock":1,"minecraft:swim_one_cm":1604,"minecraft:fly_one_cm":70163,"minecraft:crouch_one_cm":9188,"minecraft:play_time":38996,"minecraft:deaths":2,"minecraft:sneak_time":3886,"minecraft:walk_under_water_one_cm":5686,"minecraft:jump":542,"minecraft:walk_on_water_one_cm":16415,"minecraft:total_world_time":38996,"minecraft:fall_one_cm":13675},"minecraft:used":{"minecraft:diorite":2,"jet_and_elias_armors:mercenary_gear_helmet":1,"minecraft:stone_pickaxe":134,"minecraft:oak_planks":5,"minecraft:wooden_pickaxe":16,"minecraft:torch":2,"minecraft:dirt":1,"minecraft:crafting_table":5,"minecraft:granite":9,"minecraft:wooden_axe":25,"minecraft:barrel":1,"minecraft:stone_axe":19,"minecraft:cobblestone":25,"minecraft:furnace":1,"minecraft:andesite":18,"minecraft:cooked_beef":1,"minecraft:cobbled_deepslate":2},"minecraft:mined":{"iceandfire:silver_ore":4,"minecraft:crafting_table":4,"minecraft:torch":2,"minecraft:note_block":1,"minecraft:granite":9,"minecraft:grass_block":1,"minecraft:mushroom_stem":25,"minecraft:cobblestone":2,"minecraft:copper_ore":10,"minecraft:lapis_ore":2,"minecraft:oak_planks":2,"minecraft:diorite":2,"minecraft:deepslate_copper_ore":5,"minecraft:iron_ore":23,"minecraft:barrel":1,"minecraft:andesite":23,"minecraft:deepslate_lapis_ore":6,"minecraft:grass":1,"minecraft:coal_ore":8,"minecraft:oak_log":14,"minecraft:deepslate_iron_ore":4,"minecraft:gravel":1,"minecraft:dirt":1,"minecraft:stone":39,"minecraft:deepslate":2,"minecraft:piston":5,"minecraft:oak_leaves":1},"minecraft:picked_up":{"minecraft:wooden_axe":4,"minecraft:crafting_table":6,"minecraft:glow_ink_sac":8,"minecraft:andesite":21,"minecraft:leather":3,"minecraft:oak_log":26,"minecraft:gunpowder":1,"skilltree:gem":21,"minecraft:lapis_lazuli":74,"minecraft:dirt":2,"minecraft:raw_copper":99,"minecraft:bone":8,"minecraft:wheat_seeds":4,"minecraft:cobbled_deepslate":2,"minecraft:spruce_planks":2,"minecraft:beef":12,"minecraft:stone_pickaxe":4,"minecraft:oak_planks":32,"minecraft:piston":15,"minecraft:stick":5,"minecraft:raw_iron":71,"minecraft:torch":6,"minecraft:note_block":3,"minecraft:spruce_stairs":6,"minecraft:gravel":3,"minecraft:spruce_fence":4,"minecraft:diorite":4,"minecraft:barrel":3,"minecraft:pumpkin_seeds":2,"minecraft:rotten_flesh":4,"minecraft:stone_axe":2,"minecraft:granite":12,"minecraft:oak_sapling":1,"minecraft:stripped_dark_oak_log":4,"minecraft:coal":8,"iceandfire:raw_silver":12,"minecraft:cobblestone":83}},"DataVersion":3465}